City_ID,City,Lat,Lng,Max Temp,Humidity,Cloudiness,Wind Speed,Country,Date
0,semirom,31.4167,51.5667,17.37,54,40,1.78,IR,Tue Aug  8 21:56:16 2023
1,yellowknife,62.456,-114.3525,20.29,45,75,5.66,CA,Tue Aug  8 21:56:16 2023
2,waitangi,-43.9535,-176.5597,9.34,82,100,1.34,NZ,Tue Aug  8 21:56:16 2023
3,ushuaia,-54.8,-68.3,1.81,75,0,1.54,AR,Tue Aug  8 21:51:25 2023
4,iqaluit,63.7506,-68.5145,4.85,86,20,4.12,CA,Tue Aug  8 21:53:05 2023
5,albany,42.6001,-73.9662,20.45,85,97,2.24,US,Tue Aug  8 21:56:17 2023
6,scarborough,54.2797,-0.4044,11.48,84,100,1.34,GB,Tue Aug  8 21:53:31 2023
7,lata,40.1629,-8.3327,20.51,88,0,0.96,PT,Tue Aug  8 21:56:19 2023
8,alfeld,51.9838,9.8199,14.21,96,100,0.89,DE,Tue Aug  8 21:56:19 2023
9,vilyuchinsk,52.9306,158.4028,23.15,54,69,2.16,RU,Tue Aug  8 21:56:19 2023
10,adamstown,-25.066,-130.1015,22.23,85,95,15.43,PN,Tue Aug  8 21:56:20 2023
11,puerto natales,-51.7236,-72.4875,2.26,95,100,1.91,CL,Tue Aug  8 21:56:20 2023
12,edinburgh of the seven seas,-37.0676,-12.3116,12.29,71,100,11.32,SH,Tue Aug  8 21:53:08 2023
13,hithadhoo,-0.6,73.0833,27.46,75,42,2.3,MV,Tue Aug  8 21:56:20 2023
14,ta'if,21.2703,40.4158,25.56,16,6,4.91,SA,Tue Aug  8 21:56:21 2023
15,wailua homesteads,22.0669,-159.378,33.24,78,100,9.77,US,Tue Aug  8 21:56:22 2023
16,grytviken,-54.2811,-36.5092,-1.85,91,31,4.6,GS,Tue Aug  8 21:56:22 2023
17,port-aux-francais,-49.35,70.2167,1.65,72,45,6.0,TF,Tue Aug  8 21:53:02 2023
18,songea,-10.6833,35.65,13.24,76,37,1.4,TZ,Tue Aug  8 21:56:23 2023
19,codrington,-38.2667,141.9667,15.44,61,0,9.08,AU,Tue Aug  8 21:56:23 2023
20,inhambane,-23.865,35.3833,19.33,74,24,4.51,MZ,Tue Aug  8 21:56:24 2023
21,hawaiian paradise park,19.5933,-154.9731,28.73,71,75,4.63,US,Tue Aug  8 21:53:10 2023
22,aasiaat,68.7098,-52.8699,2.6,75,100,1.5,GL,Tue Aug  8 21:54:07 2023
23,isafjordur,66.0755,-23.124,9.56,62,14,1.77,IS,Tue Aug  8 21:56:25 2023
24,oamaru,-45.0784,170.9801,7.99,73,98,8.61,NZ,Tue Aug  8 21:56:25 2023
25,ghat,24.9647,10.1728,30.83,24,6,3.63,LY,Tue Aug  8 21:56:25 2023
26,recco,44.3623,9.1435,22.16,55,100,1.66,IT,Tue Aug  8 21:56:26 2023
27,anadyr,64.75,177.4833,11.28,87,100,6.71,RU,Tue Aug  8 21:56:26 2023
28,katsuren-haebaru,26.3369,127.8719,29.43,93,75,6.69,JP,Tue Aug  8 21:56:26 2023
29,olonkinbyen,70.9221,-8.7187,5.01,91,100,10.73,SJ,Tue Aug  8 21:56:27 2023
30,invercargill,-46.4,168.35,7.23,72,92,4.47,NZ,Tue Aug  8 21:56:27 2023
31,udachny,66.4167,112.4,26.36,31,6,8.01,RU,Tue Aug  8 21:56:27 2023
32,nur-sultan,51.1801,71.446,20.97,49,0,4.0,KZ,Tue Aug  8 21:56:28 2023
33,enewetak,11.3474,162.3373,28.83,76,88,6.28,MH,Tue Aug  8 21:53:16 2023
34,weno,7.4515,151.8468,26.43,81,100,5.52,FM,Tue Aug  8 21:56:29 2023
35,san patricio,28.017,-97.5169,30.1,77,0,6.75,US,Tue Aug  8 21:56:29 2023
36,tidjikja,18.5564,-11.4271,30.11,28,4,7.35,MR,Tue Aug  8 21:56:29 2023
37,hobyo,5.3505,48.5268,24.21,84,76,9.55,SO,Tue Aug  8 21:56:29 2023
38,nouadhibou,20.931,-17.0347,20.68,90,0,9.23,MR,Tue Aug  8 21:56:30 2023
39,i-n-salah,27.1935,2.4607,34.72,18,0,9.54,DZ,Tue Aug  8 21:56:30 2023
40,kapa'a,22.0752,-159.319,33.99,78,100,9.77,US,Tue Aug  8 21:56:31 2023
41,talnakh,69.4865,88.3972,21.23,45,77,0.26,RU,Tue Aug  8 21:54:09 2023
42,ulladulla,-35.35,150.4667,20.53,41,0,3.11,AU,Tue Aug  8 21:53:08 2023
43,micheweni,-4.9667,39.8333,23.86,82,12,5.41,TZ,Tue Aug  8 21:56:32 2023
44,ribeira grande,38.5167,-28.7,24.32,94,92,8.94,PT,Tue Aug  8 21:56:32 2023
45,broome,42.2506,-75.833,18.81,91,92,3.13,US,Tue Aug  8 21:56:32 2023
46,tazovsky,67.4667,78.7,9.67,94,100,6.85,RU,Tue Aug  8 21:53:08 2023
47,hotan,37.0997,79.9269,29.61,30,48,3.61,CN,Tue Aug  8 21:56:33 2023
48,egilsstadir,65.2653,-14.3948,4.95,93,100,0.51,IS,Tue Aug  8 21:52:37 2023
49,greymouth,-42.4667,171.2,10.36,59,40,1.63,NZ,Tue Aug  8 21:53:33 2023
50,west island,-12.1568,96.8225,26.99,69,91,4.63,CC,Tue Aug  8 21:56:34 2023
51,bilibino,68.0546,166.4372,6.52,70,100,3.04,RU,Tue Aug  8 21:56:35 2023
52,lai,9.3952,16.2989,22.26,95,100,2.13,TD,Tue Aug  8 21:56:35 2023
53,westport,41.1415,-73.3579,23.19,76,20,4.63,US,Tue Aug  8 21:52:37 2023
54,bredasdorp,-34.5322,20.0403,8.48,90,0,2.45,ZA,Tue Aug  8 21:56:36 2023
55,blackmans bay,-43.0167,147.3167,13.74,59,100,3.45,AU,Tue Aug  8 21:53:16 2023
56,byron bay,-28.65,153.6167,19.28,60,13,4.9,AU,Tue Aug  8 21:56:37 2023
57,at taj,24.2049,23.2857,26.46,36,57,4.15,LY,Tue Aug  8 21:56:37 2023
58,colonia,50.9333,6.95,16.05,90,75,4.63,DE,Tue Aug  8 21:56:38 2023
59,la serena,-29.9078,-71.2542,12.73,94,75,1.03,CL,Tue Aug  8 21:54:37 2023
60,matamata,-37.8106,175.7624,12.99,70,67,4.99,NZ,Tue Aug  8 21:56:38 2023
61,bethel,41.3712,-73.414,21.94,76,20,1.54,US,Tue Aug  8 21:52:54 2023
62,karagay,58.2667,54.9368,18.47,78,0,2.46,RU,Tue Aug  8 21:56:39 2023
63,utrik,11.2278,169.8474,28.47,77,96,5.04,MH,Tue Aug  8 21:56:39 2023
64,shalkar,47.8288,59.6258,25.73,50,76,6.04,KZ,Tue Aug  8 21:56:40 2023
65,borogontsy,62.6683,131.1683,22.57,38,31,2.31,RU,Tue Aug  8 21:54:34 2023
66,ancud,-41.8697,-73.8203,10.27,97,100,5.63,CL,Tue Aug  8 21:56:40 2023
67,conde,-7.2597,-34.9075,22.7,94,20,2.06,BR,Tue Aug  8 21:56:41 2023
68,olyokminsk,60.3736,120.4264,26.43,39,100,3.32,RU,Tue Aug  8 21:56:41 2023
69,bamyan,34.75,67.25,11.53,46,0,2.16,AF,Tue Aug  8 21:56:41 2023
70,hamilton,39.1834,-84.5333,23.38,79,40,4.63,US,Tue Aug  8 21:56:42 2023
71,villa bruzual,9.3328,-69.1208,23.66,95,36,0.08,VE,Tue Aug  8 21:56:42 2023
72,namibe,-15.1961,12.1522,16.84,89,1,3.08,AO,Tue Aug  8 21:56:42 2023
73,markaz-e hukumat-e darweshan,31.1323,64.1934,29.27,18,0,4.96,AF,Tue Aug  8 21:56:43 2023
74,hilo,19.7297,-155.09,28.85,72,75,4.63,US,Tue Aug  8 21:53:22 2023
75,alcaniz,41.05,-0.1333,21.29,84,0,1.01,ES,Tue Aug  8 21:56:43 2023
76,sabi,13.2333,-14.2,24.97,90,84,2.9,GM,Tue Aug  8 21:56:44 2023
77,immendingen,47.9333,8.7333,15.3,74,99,1.47,DE,Tue Aug  8 21:56:44 2023
78,thompson,55.7435,-97.8558,12.09,87,40,3.09,CA,Tue Aug  8 21:56:44 2023
79,port elizabeth,-33.918,25.5701,14.16,94,75,0.51,ZA,Tue Aug  8 21:56:45 2023
80,port alfred,-33.5906,26.891,14.54,97,100,4.79,ZA,Tue Aug  8 21:54:39 2023
81,prestea,5.4327,-2.1428,23.3,90,100,2.86,GH,Tue Aug  8 21:56:45 2023
82,iwanai,42.9744,140.5089,27.83,90,99,1.41,JP,Tue Aug  8 21:56:46 2023
83,paphos,34.7667,32.4167,23.88,78,0,3.09,CY,Tue Aug  8 21:56:46 2023
84,beyneu,45.3167,55.2,28.74,41,0,4.1,KZ,Tue Aug  8 21:56:47 2023
85,huarmey,-10.0681,-78.1522,19.53,83,96,3.76,PE,Tue Aug  8 21:55:11 2023
86,sennoy,52.1509,46.9631,20.64,53,24,3.37,RU,Tue Aug  8 21:56:48 2023
87,howrah,22.5892,88.3103,29.0,89,75,2.06,IN,Tue Aug  8 21:54:03 2023
88,progreso,21.2833,-89.6667,29.5,84,2,6.06,MX,Tue Aug  8 21:56:48 2023
89,tenosique,17.4833,-91.4333,29.23,64,52,3.27,MX,Tue Aug  8 21:56:49 2023
90,aral,40.5156,81.2636,31.05,25,0,2.96,CN,Tue Aug  8 21:56:49 2023
91,tahe,52.3333,124.7333,15.54,95,100,0.72,CN,Tue Aug  8 21:56:49 2023
92,longyearbyen,78.2186,15.6401,6.91,87,0,1.54,SJ,Tue Aug  8 21:53:17 2023
93,zunyi,27.6867,106.9072,27.3,75,21,1.88,CN,Tue Aug  8 21:56:50 2023
94,dakhla,23.6848,-15.958,20.1,93,0,7.15,EH,Tue Aug  8 21:56:50 2023
95,margaret river,-33.95,115.0667,14.69,52,16,2.32,AU,Tue Aug  8 21:56:50 2023
96,kerikeri,-35.2268,173.9474,14.01,49,81,2.96,NZ,Tue Aug  8 21:56:51 2023
97,east london,-33.0153,27.9116,17.07,79,100,3.58,ZA,Tue Aug  8 21:51:52 2023
98,chifeng,42.2683,118.9636,23.51,67,76,1.94,CN,Tue Aug  8 21:56:51 2023
99,srivardhan,18.0333,73.0167,27.54,79,99,3.55,IN,Tue Aug  8 21:56:52 2023
100,usti nad labem,50.6607,14.0323,13.71,87,100,1.54,CZ,Tue Aug  8 21:56:52 2023
101,tabuk,17.4189,121.4443,31.54,63,100,1.67,PH,Tue Aug  8 21:54:06 2023
102,vorgashor,67.5833,63.95,8.52,73,100,1.93,RU,Tue Aug  8 21:56:53 2023
103,kloulklubed,7.0419,134.2556,27.33,79,98,7.19,PW,Tue Aug  8 21:56:53 2023
104,jamestown,42.097,-79.2353,21.77,88,0,4.12,US,Tue Aug  8 21:53:49 2023
105,nar'yan-mar,67.6713,53.087,14.59,58,24,1.68,RU,Tue Aug  8 21:56:54 2023
106,chernyshevskiy,63.0128,112.4714,24.37,53,8,5.34,RU,Tue Aug  8 21:56:54 2023
107,belo sur tsiribihina,-19.7,44.55,16.04,80,0,0.89,MG,Tue Aug  8 21:56:54 2023
108,bingham,52.9498,-0.9591,11.49,90,76,0.89,GB,Tue Aug  8 21:56:54 2023
109,kodiak,57.79,-152.4072,13.73,88,100,3.09,US,Tue Aug  8 21:53:27 2023
110,alice springs,-23.7,133.8833,23.75,22,0,3.6,AU,Tue Aug  8 21:54:33 2023
111,pisco,-13.7,-76.2167,19.03,82,0,4.12,PE,Tue Aug  8 21:56:55 2023
112,papatowai,-46.5619,169.4708,5.69,70,92,6.97,NZ,Tue Aug  8 21:56:56 2023
113,katsuura,35.1333,140.3,31.01,89,99,6.82,JP,Tue Aug  8 21:53:33 2023
114,ilulissat,69.2167,-51.1,3.45,66,100,0.94,GL,Tue Aug  8 21:56:56 2023
115,obidos,-1.9175,-55.5181,26.46,63,80,1.46,BR,Tue Aug  8 21:53:13 2023
116,stanley,54.868,-1.6985,10.71,85,0,3.09,GB,Tue Aug  8 21:53:11 2023
117,puerto ayora,-0.7393,-90.3518,24.19,89,88,2.68,EC,Tue Aug  8 21:56:57 2023
118,garden city,42.3256,-83.331,23.0,74,40,3.09,US,Tue Aug  8 21:52:40 2023
119,west bay,19.3667,-81.4167,31.04,80,20,1.54,KY,Tue Aug  8 21:56:57 2023
120,strezhevoy,60.7333,77.5889,20.07,53,72,3.91,RU,Tue Aug  8 21:56:58 2023
121,happy valley-goose bay,53.3168,-60.3315,15.17,82,40,1.03,CA,Tue Aug  8 21:54:37 2023
122,petropavlovsk-kamchatsky,53.0452,158.6483,22.33,46,40,2.0,RU,Tue Aug  8 21:56:59 2023
123,machico,32.7,-16.7667,22.62,84,20,2.57,PT,Tue Aug  8 21:57:00 2023
124,vila velha,-20.3297,-40.2925,21.97,96,100,6.69,BR,Tue Aug  8 21:57:00 2023
125,baley,51.6,116.6333,27.58,26,8,0.56,RU,Tue Aug  8 21:57:00 2023
126,flying fish cove,-10.4217,105.6791,25.82,83,100,6.69,CX,Tue Aug  8 21:57:02 2023
127,harper,4.375,-7.7169,24.1,88,100,6.26,LR,Tue Aug  8 21:54:05 2023
128,arraial do cabo,-22.9661,-42.0278,20.82,85,100,8.22,BR,Tue Aug  8 21:57:03 2023
129,altamont,42.2068,-121.7372,28.83,37,0,6.17,US,Tue Aug  8 21:57:03 2023
130,shahrud,36.4182,54.9763,23.47,41,0,1.96,IR,Tue Aug  8 21:57:03 2023
131,cam ranh,11.9214,109.1591,33.98,55,20,2.57,VN,Tue Aug  8 21:57:04 2023
132,walvis bay,-22.9575,14.5053,13.53,88,100,2.57,NA,Tue Aug  8 21:47:24 2023
133,yaren,-0.5472,166.916,27.87,76,99,3.59,NR,Tue Aug  8 21:57:04 2023
134,staraya kulatka,52.7167,47.6167,19.72,57,0,2.24,RU,Tue Aug  8 21:57:05 2023
135,tahla,34.0485,-4.428,30.42,28,90,1.21,MA,Tue Aug  8 21:57:05 2023
136,ghadamis,30.1337,9.5007,26.4,37,0,4.1,LY,Tue Aug  8 21:57:05 2023
137,konarka,19.9,86.1167,30.22,60,90,5.04,IN,Tue Aug  8 21:57:06 2023
138,siyabuswa,-25.1132,29.0445,11.08,38,3,1.14,ZA,Tue Aug  8 21:57:06 2023
139,ridgecrest,35.6225,-117.6709,35.92,7,0,9.26,US,Tue Aug  8 21:57:06 2023
140,prince rupert,54.3161,-130.3201,15.05,96,100,5.66,CA,Tue Aug  8 21:54:10 2023
141,fortuna,40.5982,-124.1573,17.21,85,0,3.6,US,Tue Aug  8 21:50:57 2023
142,phan rang-thap cham,11.5667,108.9833,35.55,42,11,2.12,VN,Tue Aug  8 21:57:07 2023
143,santa ana,33.7456,-117.8678,28.7,68,75,3.6,US,Tue Aug  8 21:57:07 2023
144,elliot lake,46.3834,-82.6331,13.98,92,30,2.11,CA,Tue Aug  8 21:57:08 2023
145,adelia maria,-33.6315,-64.021,4.24,86,0,5.77,AR,Tue Aug  8 21:57:08 2023
146,vadso,70.0744,29.7487,19.49,77,0,1.54,NO,Tue Aug  8 21:57:08 2023
147,hadibu,12.65,54.0333,25.69,80,100,11.25,YE,Tue Aug  8 21:57:09 2023
148,poninka,50.1849,27.5363,10.18,92,8,2.09,UA,Tue Aug  8 21:57:09 2023
149,avarua,-21.2078,-159.775,24.03,60,20,4.63,CK,Tue Aug  8 21:57:09 2023
150,rongelap,11.1635,166.8941,28.45,77,100,4.84,MH,Tue Aug  8 21:54:27 2023
151,ebon,4.582,168.6964,27.36,73,100,0.99,MH,Tue Aug  8 21:57:10 2023
152,mugia,43.1041,-9.2179,17.17,93,8,4.61,ES,Tue Aug  8 21:57:10 2023
153,coquimbo,-29.9533,-71.3436,12.85,94,75,1.03,CL,Tue Aug  8 21:56:35 2023
154,nuuk,64.1835,-51.7216,3.82,93,93,3.58,GL,Tue Aug  8 21:57:10 2023
155,keflavik,64.0049,-22.5624,8.24,93,0,3.6,IS,Tue Aug  8 21:57:11 2023
156,labasa,-16.4167,179.3833,27.06,72,100,2.34,FJ,Tue Aug  8 21:57:11 2023
157,rio grande,-32.035,-52.0986,14.41,74,99,8.1,BR,Tue Aug  8 21:57:12 2023
158,nabari,34.6167,136.0833,32.83,72,53,5.82,JP,Tue Aug  8 21:57:12 2023
159,hermanus,-34.4187,19.2345,11.0,84,0,6.24,ZA,Tue Aug  8 21:57:12 2023
160,bom jesus,-9.0744,-44.3586,22.56,48,2,1.41,BR,Tue Aug  8 21:57:13 2023
161,manokwari,-0.8667,134.0833,28.26,73,54,2.55,ID,Tue Aug  8 21:57:13 2023
162,lihue,21.9789,-159.3672,33.58,72,100,9.77,US,Tue Aug  8 21:57:13 2023
163,tolanaro,-25.0319,46.9987,20.04,94,40,4.12,MG,Tue Aug  8 21:57:14 2023
164,qaqortoq,60.7167,-46.0333,5.03,88,62,0.35,GL,Tue Aug  8 21:57:14 2023
165,pacific grove,36.6177,-121.9166,18.34,84,40,3.09,US,Tue Aug  8 21:57:14 2023
166,labrador city,52.9463,-66.9114,11.95,87,100,2.57,CA,Tue Aug  8 21:57:15 2023
167,namtsy,62.7161,129.6658,23.37,35,11,3.5,RU,Tue Aug  8 21:57:15 2023
168,klyuchi,52.2667,79.1667,23.29,39,48,1.07,RU,Tue Aug  8 21:57:15 2023
169,salekhard,66.53,66.6019,12.26,76,100,1.05,RU,Tue Aug  8 21:57:16 2023
170,touros,-5.1989,-35.4608,23.77,87,100,4.56,BR,Tue Aug  8 21:54:23 2023
171,tinaan,11.2667,123.75,28.62,75,62,3.71,PH,Tue Aug  8 21:57:16 2023
172,polyarnyy,69.1989,33.4478,16.14,79,0,4.42,RU,Tue Aug  8 21:57:17 2023
173,agropoli,40.3469,14.9966,18.38,68,0,1.71,IT,Tue Aug  8 21:57:17 2023
174,chonchi,-42.6128,-73.8092,10.07,99,100,3.18,CL,Tue Aug  8 21:57:17 2023
175,kenora,49.8167,-94.4337,18.54,68,20,2.06,CA,Tue Aug  8 21:57:17 2023
176,khandyga,62.6667,135.6,23.3,34,18,1.11,RU,Tue Aug  8 21:57:18 2023
177,emerald,-23.5333,148.1667,22.41,37,0,3.92,AU,Tue Aug  8 21:54:06 2023
178,robertsport,6.7533,-11.3686,25.23,87,98,6.65,LR,Tue Aug  8 21:57:18 2023
179,karaikal,10.9167,79.8333,29.77,64,100,4.97,IN,Tue Aug  8 21:57:18 2023
180,luena,-11.7833,19.9167,12.24,52,0,1.49,AO,Tue Aug  8 21:57:19 2023
181,port douglas,-16.4833,145.4667,23.2,66,26,8.04,AU,Tue Aug  8 21:57:19 2023
182,phek,25.6667,94.5,19.95,90,100,1.04,IN,Tue Aug  8 21:57:20 2023
183,lebu,-37.6167,-73.65,11.07,69,100,3.94,CL,Tue Aug  8 21:57:20 2023
184,le moule,16.3332,-61.3473,27.02,82,19,5.92,GP,Tue Aug  8 21:57:20 2023
185,twentynine palms,34.1356,-116.0542,34.08,24,80,4.47,US,Tue Aug  8 21:57:21 2023
186,mingshui,36.7167,117.5,29.71,60,32,3.39,CN,Tue Aug  8 21:57:22 2023
187,mumford,5.2618,-0.759,23.49,91,96,6.46,GH,Tue Aug  8 21:57:22 2023
188,paracatu,-17.2222,-46.8747,19.43,33,0,0.84,BR,Tue Aug  8 21:57:23 2023
189,katabu,-4.9333,122.5167,30.75,49,28,3.92,ID,Tue Aug  8 21:57:23 2023
190,mont-dore,-22.2833,166.5833,22.99,56,22,4.86,NC,Tue Aug  8 21:57:23 2023
191,chambersburg,39.9376,-77.6611,21.92,75,5,2.13,US,Tue Aug  8 21:57:24 2023
192,kingston,17.997,-76.7936,30.53,82,20,4.63,JM,Tue Aug  8 21:53:41 2023
193,sur,22.5667,59.5289,30.97,59,3,2.32,OM,Tue Aug  8 21:57:24 2023
194,vilyuysk,63.7553,121.6247,23.44,32,99,5.03,RU,Tue Aug  8 21:57:25 2023
195,yakeshi,49.2833,120.7333,18.64,67,89,2.5,CN,Tue Aug  8 21:57:25 2023
196,whitehorse,60.7161,-135.0538,16.43,77,75,2.57,CA,Tue Aug  8 21:57:25 2023
197,lompoc,34.6391,-120.4579,22.08,84,100,2.57,US,Tue Aug  8 21:57:26 2023
198,port lincoln,-34.7333,135.8667,19.6,41,10,11.31,AU,Tue Aug  8 21:55:34 2023
199,tiksi,71.6872,128.8694,18.2,44,7,1.32,RU,Tue Aug  8 21:57:26 2023
200,homer,59.6425,-151.5483,16.13,85,0,6.17,US,Tue Aug  8 21:57:26 2023
201,zemio,5.0314,25.1361,20.03,97,100,0.98,CF,Tue Aug  8 21:57:27 2023
202,al jawf,29.5,38.75,24.77,36,0,2.95,SA,Tue Aug  8 21:57:27 2023
203,cockburn town,21.4612,-71.1419,28.81,85,5,7.34,TC,Tue Aug  8 21:57:27 2023
204,sergeyevka,53.88,67.4158,22.13,45,100,2.98,KZ,Tue Aug  8 21:57:28 2023
205,gazojak,41.1875,61.4036,27.71,38,0,3.2,TM,Tue Aug  8 21:57:28 2023
206,nikolayevsk-on-amure,53.1406,140.73,21.22,60,100,3.16,RU,Tue Aug  8 21:57:28 2023
207,orsa,54.5153,30.4053,13.64,73,100,1.72,BY,Tue Aug  8 21:57:29 2023
208,thunder bay,48.4001,-89.3168,16.99,94,100,3.6,CA,Tue Aug  8 21:57:29 2023
209,viedma,-40.8135,-62.9967,10.46,45,88,8.2,AR,Tue Aug  8 21:57:29 2023
210,calbuco,-41.768,-73.1273,9.56,92,100,8.77,CL,Tue Aug  8 21:57:30 2023
211,constantia,44.1833,28.65,13.38,74,0,3.39,RO,Tue Aug  8 21:57:30 2023
212,mollendo,-17.0231,-72.0147,17.0,85,40,3.09,PE,Tue Aug  8 21:57:30 2023
213,guarapari,-20.6667,-40.4975,21.61,91,42,4.82,BR,Tue Aug  8 21:57:31 2023
214,mejit,10.2753,170.8646,28.33,73,72,5.74,MH,Tue Aug  8 21:57:31 2023
215,kirkland lake,48.1446,-80.0377,15.16,94,29,0.0,CA,Tue Aug  8 21:57:31 2023
216,nadi,-17.8,177.4167,29.0,61,40,5.66,FJ,Tue Aug  8 21:54:27 2023
217,plettenberg bay,-34.0527,23.3716,13.02,87,25,1.6,ZA,Tue Aug  8 21:57:32 2023
218,prado,-17.3411,-39.2208,21.17,91,7,0.41,BR,Tue Aug  8 21:49:47 2023
219,bahraigh,27.5833,81.6,26.61,88,100,1.44,IN,Tue Aug  8 21:52:55 2023
220,sittwe,20.15,92.9,25.43,93,100,2.2,MM,Tue Aug  8 21:57:33 2023
221,punta arenas,-53.15,-70.9167,1.49,89,26,3.14,CL,Tue Aug  8 21:57:33 2023
222,balabac,7.9868,117.0645,29.74,69,14,4.91,PH,Tue Aug  8 21:57:33 2023
223,ksar chellala,35.2122,2.3189,26.89,22,4,2.29,DZ,Tue Aug  8 21:57:33 2023
224,mount gambier,-37.8333,140.7667,16.07,49,1,6.26,AU,Tue Aug  8 21:54:26 2023
225,forster,-32.1667,152.5167,19.05,55,0,2.86,AU,Tue Aug  8 21:57:34 2023
226,khash,28.2211,61.2158,27.97,16,0,1.41,IR,Tue Aug  8 21:57:34 2023
227,guichon,-32.35,-57.2,11.07,73,100,4.84,UY,Tue Aug  8 21:57:34 2023
228,laguna,38.421,-121.4238,28.99,49,0,5.66,US,Tue Aug  8 21:57:35 2023
229,wagar,16.1525,36.2032,24.04,81,93,8.09,SD,Tue Aug  8 21:57:35 2023
230,port hedland,-20.3167,118.5667,30.03,17,0,4.63,AU,Tue Aug  8 21:57:35 2023
231,xilin hot,43.9667,116.0333,23.53,47,4,4.19,CN,Tue Aug  8 21:57:35 2023
232,ouani,-12.1322,44.4258,24.21,77,20,6.52,KM,Tue Aug  8 21:57:36 2023
233,saipan,15.1355,145.701,29.39,100,75,4.12,MP,Tue Aug  8 21:57:36 2023
234,fuman,37.2273,49.3142,23.72,54,0,0.45,IR,Tue Aug  8 21:57:36 2023
235,la foa,-21.7108,165.8276,20.89,52,8,6.33,NC,Tue Aug  8 21:57:37 2023
236,gongzhuling,43.5008,124.8198,24.06,74,65,3.52,CN,Tue Aug  8 21:57:37 2023
237,senador pompeu,-5.5881,-39.3717,24.05,76,56,2.6,BR,Tue Aug  8 21:57:37 2023
238,rosetta,31.4044,30.4164,24.89,75,0,2.78,EG,Tue Aug  8 21:54:18 2023
239,aniva,46.7144,142.5294,18.06,89,100,3.47,RU,Tue Aug  8 21:57:38 2023
240,kapuskasing,49.4169,-82.4331,18.05,82,20,0.0,CA,Tue Aug  8 21:57:38 2023
241,khanpur mahar,27.8436,69.4137,31.2,58,21,6.19,PK,Tue Aug  8 21:57:38 2023
242,gold camp,33.2937,-111.3043,37.7,45,22,5.64,US,Tue Aug  8 21:57:39 2023
243,ebaye,8.7748,167.7392,31.01,70,100,5.66,MH,Tue Aug  8 21:57:39 2023
244,mariental,-24.6333,17.9667,13.24,32,78,3.63,NA,Tue Aug  8 21:57:39 2023
245,veranopolis,-28.9361,-51.5494,12.51,79,100,3.21,BR,Tue Aug  8 21:57:40 2023
246,anyksciai,55.5256,25.1026,10.55,82,61,3.42,LT,Tue Aug  8 21:57:40 2023
247,fale old settlement,-9.3852,-171.2468,28.01,79,29,5.31,TK,Tue Aug  8 21:54:35 2023
248,holualoa,19.6228,-155.9522,27.91,72,40,5.66,US,Tue Aug  8 21:57:40 2023
249,la passe,45.5549,-0.8967,14.43,63,1,2.94,FR,Tue Aug  8 21:57:41 2023
250,sao vicente,-23.9631,-46.3919,21.26,26,100,0.45,BR,Tue Aug  8 21:57:41 2023
251,verkhnevilyuysk,63.4453,120.3167,23.95,30,85,4.39,RU,Tue Aug  8 21:57:41 2023
252,mandera,3.9366,41.867,23.02,71,8,6.07,KE,Tue Aug  8 21:57:41 2023
253,wewak,-3.5534,143.6268,29.72,66,25,4.1,PG,Tue Aug  8 21:57:42 2023
254,youghal,51.95,-7.8506,15.86,100,28,2.0,IE,Tue Aug  8 21:57:42 2023
255,susuman,62.7833,148.1667,9.71,53,100,1.16,RU,Tue Aug  8 21:57:42 2023
256,lazaro cardenas,17.9583,-102.2,28.89,84,25,3.15,MX,Tue Aug  8 21:57:42 2023
257,south hedland,-20.4089,118.5983,29.96,17,0,4.63,AU,Tue Aug  8 21:57:43 2023
258,ati,13.2154,18.3353,23.66,91,100,6.4,TD,Tue Aug  8 21:57:43 2023
259,badger,64.8,-147.5333,19.17,81,100,2.06,US,Tue Aug  8 21:53:29 2023
260,al bawiti,28.3492,28.8659,23.57,69,0,3.22,EG,Tue Aug  8 21:57:43 2023
261,bamboo flat,11.7,92.7167,30.05,79,75,5.14,IN,Tue Aug  8 21:57:44 2023
262,atakpame,7.5333,1.1333,21.41,96,100,2.57,TG,Tue Aug  8 21:57:44 2023
263,pilar,-9.5972,-35.9567,21.96,92,33,0.95,BR,Tue Aug  8 21:57:45 2023
264,uturoa,-16.7333,-151.4333,25.45,82,99,7.37,PF,Tue Aug  8 21:57:45 2023
265,ain beida,35.7964,7.3928,20.81,40,0,0.76,DZ,Tue Aug  8 21:57:45 2023
266,georgetown,5.4112,100.3354,30.96,73,20,1.54,MY,Tue Aug  8 21:51:59 2023
267,ola,59.5833,151.2833,20.08,56,43,4.59,RU,Tue Aug  8 21:57:46 2023
268,college,64.8569,-147.8028,19.21,81,100,2.06,US,Tue Aug  8 21:57:46 2023
269,fort bragg,35.139,-79.006,27.75,71,40,2.57,US,Tue Aug  8 21:57:46 2023
270,ladybrand,-29.1945,27.4574,6.13,43,0,1.31,ZA,Tue Aug  8 21:53:33 2023
271,ulsteinvik,62.3432,5.8487,14.31,85,100,4.47,NO,Tue Aug  8 21:57:47 2023
272,acarau,-2.8856,-40.12,25.6,84,99,7.56,BR,Tue Aug  8 21:57:47 2023
273,angaur state,6.906,134.13,27.42,80,99,7.27,PW,Tue Aug  8 21:55:09 2023
274,bulolo,-7.2,146.65,26.38,65,75,0.27,PG,Tue Aug  8 21:57:48 2023
275,gizo,-8.103,156.8419,26.15,83,99,9.49,SB,Tue Aug  8 21:57:48 2023
276,pascagoula,30.3658,-88.5561,31.03,83,20,1.54,US,Tue Aug  8 21:57:48 2023
277,northam,51.0333,-4.2167,15.14,96,100,2.38,GB,Tue Aug  8 21:57:49 2023
278,torghay,49.6339,63.4981,24.12,58,9,4.01,KZ,Tue Aug  8 21:57:49 2023
279,sinabang,2.4803,96.3801,26.94,79,100,0.16,ID,Tue Aug  8 21:57:49 2023
280,xinzhi,36.4989,111.7047,32.32,37,92,1.89,CN,Tue Aug  8 21:57:49 2023
281,novaya mayna,54.15,49.75,18.43,74,0,3.62,RU,Tue Aug  8 21:57:50 2023
282,cumbum,9.7333,77.3,26.52,67,100,3.26,IN,Tue Aug  8 21:57:50 2023
283,port macquarie,-31.4333,152.9167,18.27,58,1,3.24,AU,Tue Aug  8 21:54:25 2023
284,kone,-21.0595,164.8658,22.61,44,5,5.97,NC,Tue Aug  8 21:57:50 2023
285,medina,24.4686,39.6142,31.24,11,0,1.54,SA,Tue Aug  8 21:52:33 2023
286,burang,30.25,81.1667,13.41,66,100,2.14,CN,Tue Aug  8 21:57:51 2023
287,axim,4.8699,-2.2405,23.7,90,100,5.93,GH,Tue Aug  8 21:57:51 2023
288,nadym,65.5333,72.5167,11.25,61,100,10.37,RU,Tue Aug  8 21:54:43 2023
289,cananeia,-25.0147,-47.9267,17.95,86,100,3.16,BR,Tue Aug  8 21:57:52 2023
290,bardai,11.65,7.2333,20.59,96,75,3.64,NG,Tue Aug  8 21:57:52 2023
291,mokhsogollokh,61.4681,128.9203,21.78,30,99,4.25,RU,Tue Aug  8 21:57:52 2023
292,saint-philippe,-21.3585,55.7679,19.77,81,45,4.12,RE,Tue Aug  8 21:57:52 2023
293,chinsali,-10.5414,32.0816,12.11,80,0,2.44,ZM,Tue Aug  8 21:57:53 2023
294,las heras,-46.5419,-68.9359,8.14,55,100,9.84,AR,Tue Aug  8 21:57:53 2023
295,nemuro,43.3236,145.575,19.44,99,100,7.13,JP,Tue Aug  8 21:57:53 2023
296,midvagur,62.0511,-7.1939,8.46,76,75,11.32,FO,Tue Aug  8 21:57:53 2023
297,fortaleza,-3.7227,-38.5247,27.34,74,40,7.2,BR,Tue Aug  8 21:55:00 2023
298,salmon arm,50.6998,-119.3024,26.35,68,98,0.74,CA,Tue Aug  8 21:57:54 2023
299,abepura,-2.6333,140.5833,31.45,48,20,2.06,ID,Tue Aug  8 21:57:54 2023
300,nantucket,41.2835,-70.0995,23.08,69,0,8.75,US,Tue Aug  8 21:57:54 2023
301,alghero,40.5589,8.3181,14.05,82,0,1.03,IT,Tue Aug  8 21:57:55 2023
302,la ronge,55.1001,-105.2842,17.14,67,75,2.06,CA,Tue Aug  8 21:57:55 2023
303,caska,41.6506,21.6622,11.29,76,3,1.2,MK,Tue Aug  8 21:57:55 2023
304,dawson creek,55.7666,-120.2362,18.8,77,20,2.57,CA,Tue Aug  8 21:57:12 2023
305,dauphin,51.1494,-100.0502,16.08,77,40,3.09,CA,Tue Aug  8 21:57:56 2023
306,ingleside,27.8778,-97.2117,30.13,88,0,4.47,US,Tue Aug  8 21:48:59 2023
307,brookings,44.3114,-96.7984,22.0,68,75,2.06,US,Tue Aug  8 21:57:57 2023
308,sungai penuh,-2.0833,101.3833,25.23,63,41,0.81,ID,Tue Aug  8 21:57:57 2023
309,sogne,58.0833,7.8167,12.92,86,100,1.34,NO,Tue Aug  8 21:57:57 2023
310,christchurch,-43.5333,172.6333,12.96,50,38,3.09,NZ,Tue Aug  8 21:48:36 2023
311,macapa,0.0389,-51.0664,26.99,94,40,3.09,BR,Tue Aug  8 21:56:38 2023
312,zeya,53.75,127.2667,25.03,46,100,2.63,RU,Tue Aug  8 21:57:58 2023
313,barra de santo antonio,-9.4047,-35.5072,22.6,83,44,3.61,BR,Tue Aug  8 21:57:58 2023
314,birao,10.2849,22.7882,21.05,97,99,1.96,CF,Tue Aug  8 21:57:58 2023
315,port mathurin,-19.6833,63.4167,22.27,61,95,8.2,MU,Tue Aug  8 21:57:59 2023
316,uliastay,47.7417,96.8444,17.72,72,98,2.91,MN,Tue Aug  8 21:57:59 2023
317,sumbawa besar,-8.5,117.4333,31.46,38,16,3.8,ID,Tue Aug  8 21:57:59 2023
318,castillos,-34.1667,-53.8333,12.09,69,98,4.44,UY,Tue Aug  8 21:58:00 2023
319,pyshma,56.9523,63.2513,19.88,55,2,2.93,RU,Tue Aug  8 21:58:00 2023
320,kulhudhuffushi,6.6221,73.07,27.8,77,100,6.26,MV,Tue Aug  8 21:58:00 2023
321,tura,25.5198,90.2201,25.52,90,100,2.32,IN,Tue Aug  8 21:58:01 2023
322,erenhot,43.6475,111.9767,24.72,39,1,3.95,CN,Tue Aug  8 21:58:01 2023
323,hinton,53.4001,-117.5857,15.18,87,100,0.76,CA,Tue Aug  8 21:56:10 2023
324,general conesa,-40.1,-64.4333,11.45,42,100,7.59,AR,Tue Aug  8 21:58:02 2023
325,afif,23.9065,42.9172,25.65,17,1,1.01,SA,Tue Aug  8 21:58:02 2023
326,sandnessjoen,66.0217,12.6316,17.29,68,2,4.08,NO,Tue Aug  8 21:58:02 2023
327,frydlant,50.9214,15.0797,13.33,81,91,2.31,CZ,Tue Aug  8 21:58:03 2023
328,papao,-17.75,-149.55,24.82,85,100,8.85,PF,Tue Aug  8 21:58:03 2023
329,ciudad guayana,8.3533,-62.6528,28.07,84,100,0.88,VE,Tue Aug  8 21:58:03 2023
330,baruun-urt,46.6806,113.2792,21.05,54,93,1.56,MN,Tue Aug  8 21:58:04 2023
331,kasongo,-4.45,26.6667,20.88,69,24,0.84,CD,Tue Aug  8 21:58:05 2023
332,crane,31.3974,-102.3501,31.9,32,51,5.68,US,Tue Aug  8 21:58:05 2023
333,extrema,-22.8547,-46.3183,15.14,93,99,2.39,BR,Tue Aug  8 21:58:05 2023
334,benjamin constant,-4.3831,-70.0311,24.07,98,81,0.76,BR,Tue Aug  8 21:58:06 2023
335,arkhangel'sk,64.5401,40.5433,15.06,84,5,2.4,RU,Tue Aug  8 21:58:06 2023
336,carnarvon,-24.8667,113.6333,22.58,54,7,4.77,AU,Tue Aug  8 21:58:06 2023
337,atafu village,-8.5421,-172.5159,28.07,78,64,6.55,TK,Tue Aug  8 21:58:07 2023
338,vila franca do campo,37.7167,-25.4333,23.23,90,91,4.89,PT,Tue Aug  8 21:58:07 2023
339,sitka,57.0531,-135.33,15.94,82,100,2.57,US,Tue Aug  8 21:58:08 2023
340,acapulco de juarez,16.8634,-99.8901,28.47,88,12,3.26,MX,Tue Aug  8 21:53:33 2023
341,stjordalshalsen,63.4681,10.9262,16.03,63,75,6.69,NO,Tue Aug  8 21:58:08 2023
342,champasak,14.75,106.0,28.49,81,62,1.32,LA,Tue Aug  8 21:58:09 2023
343,addiet canna,11.2667,37.4833,12.92,91,79,1.41,ET,Tue Aug  8 21:58:09 2023
344,conceicao da barra,-18.5933,-39.7322,20.39,96,5,2.03,BR,Tue Aug  8 21:58:09 2023
345,jinchang,38.4953,102.1739,29.39,44,52,2.39,CN,Tue Aug  8 21:58:10 2023
346,queenstown,-31.8976,26.8753,10.29,76,100,2.2,ZA,Tue Aug  8 21:58:10 2023
347,detroit lakes,46.8172,-95.8453,18.03,95,100,2.57,US,Tue Aug  8 21:56:02 2023
348,kenai,60.5544,-151.2583,19.05,73,100,3.6,US,Tue Aug  8 21:58:11 2023
349,ust-nera,64.5667,143.2,19.41,47,83,1.45,RU,Tue Aug  8 21:54:20 2023
350,roses,42.262,3.1769,21.69,76,9,0.89,ES,Tue Aug  8 21:58:11 2023
351,slavgorod,52.9978,78.6449,23.6,44,11,2.25,RU,Tue Aug  8 21:58:12 2023
352,remire-montjoly,4.9167,-52.2667,25.02,94,20,0.0,GF,Tue Aug  8 21:58:12 2023
353,turpan,42.9333,89.1667,35.09,25,0,1.36,CN,Tue Aug  8 21:58:12 2023
354,bengkulu,-3.8004,102.2655,27.7,74,43,1.89,ID,Tue Aug  8 21:58:13 2023
355,singaraja,-8.112,115.0882,28.21,58,9,1.58,ID,Tue Aug  8 21:58:13 2023
356,itaituba,-4.2761,-55.9836,25.4,63,29,0.87,BR,Tue Aug  8 21:58:14 2023
357,fort mcmurray,56.7268,-111.381,18.73,55,20,4.12,CA,Tue Aug  8 21:58:14 2023
358,ilebo,-4.3167,20.5833,21.16,92,66,0.46,CD,Tue Aug  8 21:58:15 2023
359,san luis de la loma,17.2706,-100.8939,28.38,88,43,2.69,MX,Tue Aug  8 21:58:15 2023
360,as sulayyil,20.4607,45.5779,29.14,11,12,3.14,SA,Tue Aug  8 21:58:15 2023
361,yinchuan,38.4681,106.2731,29.34,47,96,2.75,CN,Tue Aug  8 21:54:23 2023
362,mazsalaca,57.8633,25.0547,9.66,91,62,2.62,LV,Tue Aug  8 21:58:16 2023
363,beihai,21.4833,109.1,29.97,78,83,7.5,CN,Tue Aug  8 21:58:16 2023
364,zarzis,33.504,11.1122,24.83,61,0,2.55,TN,Tue Aug  8 21:58:17 2023
365,belyy yar,53.6039,91.3903,22.94,56,0,1.0,RU,Tue Aug  8 21:58:17 2023
366,farrukhnagar,17.0778,78.2011,23.84,79,97,5.86,IN,Tue Aug  8 21:58:18 2023
367,eyl,7.9803,49.8164,24.47,72,72,9.59,SO,Tue Aug  8 21:58:18 2023
368,tavira,37.1273,-7.6486,24.04,72,95,0.45,PT,Tue Aug  8 21:58:18 2023
369,nema,57.5067,50.5011,16.41,85,6,2.48,RU,Tue Aug  8 21:58:19 2023
370,mar del plata,-38.0023,-57.5575,8.38,87,25,4.12,AR,Tue Aug  8 21:58:19 2023
371,zhangye,38.9342,100.4517,33.64,20,12,8.54,CN,Tue Aug  8 21:58:19 2023
372,afaahiti,-17.75,-149.2833,23.93,84,100,8.86,PF,Tue Aug  8 21:58:20 2023
373,sal rei,16.1833,-22.9167,24.84,74,100,5.4,CV,Tue Aug  8 21:58:20 2023
374,kasongo-lunda,-6.4667,16.8167,23.08,43,69,1.36,CD,Tue Aug  8 21:58:20 2023
375,luderitz,-26.6481,15.1594,15.79,59,0,5.82,NA,Tue Aug  8 21:58:21 2023
376,tazacorte,28.629,-17.9293,21.54,75,0,2.24,ES,Tue Aug  8 21:58:21 2023
377,mahina,-17.5065,-149.489,24.87,78,75,7.2,PF,Tue Aug  8 21:58:22 2023
378,galliano,29.4422,-90.2992,30.0,74,0,2.57,US,Tue Aug  8 21:58:22 2023
379,port augusta,-32.5,137.7667,20.97,26,3,10.6,AU,Tue Aug  8 21:58:22 2023
380,nova sintra,14.8667,-24.7167,22.74,73,29,4.87,CV,Tue Aug  8 21:58:23 2023
381,diu,20.7141,70.9822,26.94,85,100,6.86,IN,Tue Aug  8 21:58:23 2023
382,biloela,-24.4167,150.5,23.22,29,1,4.47,AU,Tue Aug  8 21:58:23 2023
383,new norfolk,-42.7826,147.0587,14.4,44,100,1.75,AU,Tue Aug  8 21:58:24 2023
384,cabo san lucas,22.8909,-109.9124,33.12,76,2,6.73,MX,Tue Aug  8 21:58:04 2023
385,qujing,25.4833,103.7833,22.91,72,69,1.47,CN,Tue Aug  8 21:54:49 2023
386,zadar,44.1197,15.2422,14.34,88,0,0.51,HR,Tue Aug  8 21:58:25 2023
387,muli,2.9167,73.5667,27.55,74,88,2.82,MV,Tue Aug  8 21:58:25 2023
388,rabo de peixe,37.8,-25.5833,22.73,83,40,5.66,PT,Tue Aug  8 21:58:25 2023
389,saint-pierre,-21.3393,55.4781,19.82,60,0,3.6,RE,Tue Aug  8 21:58:26 2023
390,noumea,-22.2763,166.4572,22.99,58,12,5.08,NC,Tue Aug  8 21:58:18 2023
391,rouissat,31.9243,5.3502,30.04,23,0,0.0,DZ,Tue Aug  8 21:58:26 2023
392,aoulef,26.9667,1.0833,35.16,17,0,10.01,DZ,Tue Aug  8 21:58:27 2023
393,maraba,-5.3686,-49.1178,28.1,78,0,2.57,BR,Tue Aug  8 21:55:53 2023
394,ciudad insurgentes,25.2625,-111.7753,27.88,68,1,6.93,MX,Tue Aug  8 21:58:28 2023
395,cobija,-11.0267,-68.7692,25.04,53,19,0.48,BO,Tue Aug  8 21:58:28 2023
396,villa gesell,-37.2639,-56.973,8.36,92,41,4.77,AR,Tue Aug  8 21:54:08 2023
397,solnechnyy,50.7214,136.6319,21.27,51,81,3.96,RU,Tue Aug  8 21:58:29 2023
398,tomah,43.9786,-90.504,19.86,88,0,0.0,US,Tue Aug  8 21:58:29 2023
399,valga,57.7778,26.0473,7.22,93,10,2.11,EE,Tue Aug  8 21:58:30 2023
400,kalianget,-7.05,113.9333,27.78,63,44,6.98,ID,Tue Aug  8 21:58:30 2023
401,makhambet,47.6667,51.5833,29.46,30,0,2.57,KZ,Tue Aug  8 21:58:31 2023
402,buka,40.8108,69.1986,29.61,27,0,3.18,UZ,Tue Aug  8 21:58:31 2023
403,howard springs,-12.497,131.047,30.95,28,59,4.83,AU,Tue Aug  8 21:58:31 2023
404,maksatikha,57.797,35.8825,14.65,94,24,1.74,RU,Tue Aug  8 21:58:32 2023
405,tyup,42.7276,78.3648,20.93,43,72,1.17,KG,Tue Aug  8 21:58:32 2023
406,mwanza,-2.5167,32.9,20.18,58,14,4.38,TZ,Tue Aug  8 21:58:32 2023
407,oranjemund,-28.55,16.4333,11.91,90,4,3.31,NA,Tue Aug  8 21:58:33 2023
408,kodinsk,58.6881,99.1844,24.63,47,1,0.45,RU,Tue Aug  8 21:58:33 2023
409,sibolga,1.7427,98.7792,28.79,70,99,1.02,ID,Tue Aug  8 21:58:34 2023
410,upata,8.0086,-62.3989,26.22,94,89,1.0,VE,Tue Aug  8 21:58:34 2023
411,ijevan,40.8783,45.1492,23.47,73,0,1.89,AM,Tue Aug  8 21:58:35 2023
412,maceio,-9.6658,-35.7353,22.69,94,40,2.06,BR,Tue Aug  8 21:54:05 2023
413,petauke,-14.2426,31.3253,14.62,54,0,4.49,ZM,Tue Aug  8 21:58:35 2023
414,trincomalee,8.5711,81.2335,29.14,65,100,7.1,LK,Tue Aug  8 21:58:35 2023
415,skeldon,5.8833,-57.1333,24.81,93,92,2.5,GY,Tue Aug  8 21:58:36 2023
416,kidal,18.4411,1.4078,29.48,49,74,3.89,ML,Tue Aug  8 21:58:36 2023
417,follonica,42.9263,10.7616,22.5,70,100,2.16,IT,Tue Aug  8 21:58:36 2023
418,makushino,55.2103,67.2442,22.47,50,75,3.31,RU,Tue Aug  8 21:58:36 2023
419,mahanoro,-19.9,48.8,18.21,91,52,1.95,MG,Tue Aug  8 21:58:37 2023
420,ilovlya,49.3033,43.9796,23.81,57,0,3.82,RU,Tue Aug  8 21:58:37 2023
421,mikuni,36.2171,136.1519,33.95,57,33,1.68,JP,Tue Aug  8 21:58:37 2023
422,suva,-18.1416,178.4415,25.71,78,20,3.6,FJ,Tue Aug  8 21:54:42 2023
423,rurrenabaque,-14.4413,-67.5278,23.3,73,42,1.03,BO,Tue Aug  8 21:58:38 2023
424,fada,9.5667,8.3,19.4,98,95,1.22,NG,Tue Aug  8 21:58:39 2023
425,dvurechensk,56.5982,61.0953,19.21,81,1,1.99,RU,Tue Aug  8 21:58:39 2023
426,fougamou,-1.2154,10.5838,20.16,85,77,0.91,GA,Tue Aug  8 21:58:39 2023
427,haiku-pauwela,20.9219,-156.3051,29.01,59,20,10.8,US,Tue Aug  8 21:58:39 2023
428,puerto lempira,15.2667,-83.7667,26.4,87,0,2.5,HN,Tue Aug  8 21:58:40 2023
429,mega,4.05,38.3,12.68,87,22,6.96,ET,Tue Aug  8 21:58:40 2023
430,alacranes,22.7675,-81.5675,26.75,88,63,4.36,CU,Tue Aug  8 21:58:40 2023
431,kapit,2.0167,112.9333,28.36,79,95,0.35,MY,Tue Aug  8 21:58:41 2023
432,sedhiou,12.7081,-15.5569,23.9,95,91,1.74,SN,Tue Aug  8 21:58:41 2023
433,ajaccio,42.0,8.9167,17.03,77,0,2.57,FR,Tue Aug  8 21:58:41 2023
434,san julian,21.0167,-102.1667,17.93,57,70,1.34,MX,Tue Aug  8 21:58:41 2023
435,tangalle,6.024,80.7911,28.09,72,100,5.59,LK,Tue Aug  8 21:58:42 2023
436,eufaula,31.8913,-85.1455,23.02,97,0,0.0,US,Tue Aug  8 21:58:42 2023
437,luanda,-8.8368,13.2343,20.0,88,75,2.06,AO,Tue Aug  8 21:58:10 2023
438,leava,-14.3,-178.1667,27.51,77,42,3.05,WF,Tue Aug  8 21:58:42 2023
439,saldanha,-33.0117,17.9442,8.03,81,0,4.42,ZA,Tue Aug  8 21:58:43 2023
440,griffith,41.5284,-87.4237,23.96,89,0,0.45,US,Tue Aug  8 21:58:43 2023
441,cordoba,-31.4135,-64.1811,9.31,75,0,3.6,AR,Tue Aug  8 21:58:44 2023
442,geraldton,-28.7667,114.6,18.23,63,0,5.66,AU,Tue Aug  8 21:55:05 2023
443,kudahuvadhoo,2.6708,72.8944,27.65,72,98,2.28,MV,Tue Aug  8 21:58:44 2023
444,ataq,14.5377,46.8319,24.89,62,54,5.92,YE,Tue Aug  8 21:58:44 2023
445,longgang,37.6508,120.3286,26.1,79,0,6.06,CN,Tue Aug  8 21:58:44 2023
446,chibougamau,49.9168,-74.3659,11.79,94,100,3.09,CA,Tue Aug  8 21:58:45 2023
447,izazi,-7.2,35.7333,18.25,65,0,0.74,TZ,Tue Aug  8 21:58:45 2023
448,mitsamiouli,-11.3847,43.2844,24.54,74,3,4.52,KM,Tue Aug  8 21:58:45 2023
449,vigan,17.5747,120.3869,30.52,73,97,5.95,PH,Tue Aug  8 21:58:46 2023
450,antsiranana,-12.2787,49.2917,21.33,81,5,5.04,MG,Tue Aug  8 21:58:46 2023
451,sliema,35.9125,14.5019,21.27,73,0,1.54,MT,Tue Aug  8 21:58:47 2023
452,vorkuta,67.5,64.0,8.74,73,100,2.24,RU,Tue Aug  8 21:58:47 2023
453,alofi,-19.0595,-169.9187,27.94,83,75,4.63,NU,Tue Aug  8 21:58:47 2023
454,ndibene dahra,15.3338,-15.4766,24.57,73,5,4.61,SN,Tue Aug  8 21:58:47 2023
455,trairi,-3.2778,-39.2689,25.44,82,65,5.25,BR,Tue Aug  8 21:58:48 2023
456,grajau,-5.8194,-46.1386,27.34,44,60,1.37,BR,Tue Aug  8 21:58:48 2023
457,keta,5.9179,0.9879,25.12,86,97,6.88,GH,Tue Aug  8 21:58:48 2023
458,aswan,24.0934,32.907,33.61,16,0,2.06,EG,Tue Aug  8 21:58:49 2023
459,konin,52.2234,18.2512,12.12,92,98,3.94,PL,Tue Aug  8 21:58:49 2023
460,kruisfontein,-34.0033,24.7314,12.71,90,100,2.23,ZA,Tue Aug  8 21:58:49 2023
461,kitimat,54.0524,-128.6534,19.21,66,100,1.79,CA,Tue Aug  8 21:58:49 2023
462,roma,43.2128,-75.4557,18.86,96,100,3.6,US,Tue Aug  8 21:58:50 2023
463,ugoofaaru,5.6667,73.0,27.59,79,100,5.32,MV,Tue Aug  8 21:58:50 2023
464,tsiombe,-25.3,45.4833,18.29,95,2,2.64,MG,Tue Aug  8 21:58:50 2023
465,sesheke,-17.4759,24.2968,13.12,56,0,2.44,ZM,Tue Aug  8 21:55:21 2023
466,ginir,7.1333,40.7,13.93,79,35,4.27,ET,Tue Aug  8 21:58:51 2023
467,port pirie,-33.1833,138.0167,18.74,35,1,10.19,AU,Tue Aug  8 21:58:51 2023
468,la'ie,21.6477,-157.9253,30.98,69,22,4.02,US,Tue Aug  8 21:54:01 2023
469,murzuq,25.9155,13.9184,26.56,32,0,4.31,LY,Tue Aug  8 21:58:52 2023
470,choyr,46.3611,108.3611,22.76,47,47,6.29,MN,Tue Aug  8 21:58:52 2023
471,chengde,40.9725,117.9361,27.27,67,73,1.02,CN,Tue Aug  8 21:58:53 2023
472,vernon,50.2581,-119.2691,27.56,45,87,3.13,CA,Tue Aug  8 21:58:53 2023
473,kharan,28.5833,65.4167,31.53,22,0,3.2,PK,Tue Aug  8 21:58:53 2023
474,akdepe,42.0551,59.3788,22.05,32,0,1.45,TM,Tue Aug  8 21:58:53 2023
475,mbanza-ngungu,-5.25,14.8667,18.25,83,0,3.7,CD,Tue Aug  8 21:58:54 2023
476,sakakah,29.9697,40.2064,26.76,15,0,3.18,SA,Tue Aug  8 21:58:54 2023
477,cuatro cienegas de carranza,26.9833,-102.0833,31.17,29,0,2.79,MX,Tue Aug  8 21:58:54 2023
478,mana,5.6592,-53.7767,25.53,87,100,4.1,GF,Tue Aug  8 21:58:55 2023
479,kralendijk,12.15,-68.2667,28.99,84,1,5.66,BQ,Tue Aug  8 21:49:26 2023
480,binkolo,8.9533,-11.9779,22.66,99,100,1.05,SL,Tue Aug  8 21:58:55 2023
481,gaya,24.7833,85.0,24.95,100,100,2.06,IN,Tue Aug  8 21:58:56 2023
482,aykhal,66.0,111.5,24.4,42,6,8.74,RU,Tue Aug  8 21:54:12 2023
483,baiti,13.745,-14.7482,25.09,76,82,2.86,SN,Tue Aug  8 21:58:56 2023
484,teknaf,20.8624,92.3058,25.63,93,100,3.36,BD,Tue Aug  8 21:58:56 2023
485,hasaki,35.7333,140.8333,30.22,90,100,6.73,JP,Tue Aug  8 21:58:57 2023
486,sao gabriel da cachoeira,-0.1303,-67.0892,23.49,92,51,0.24,BR,Tue Aug  8 21:58:57 2023
487,mount isa,-20.7333,139.5,24.87,31,6,5.14,AU,Tue Aug  8 21:58:57 2023
488,qamdo,31.1667,97.2333,14.75,55,39,1.71,CN,Tue Aug  8 21:58:58 2023
489,mushie,-3.0167,16.9,23.52,65,31,1.14,CD,Tue Aug  8 21:58:58 2023
490,soke,13.598,-5.9386,25.47,79,99,4.93,ML,Tue Aug  8 21:58:58 2023
491,tekeli,44.83,78.8239,23.18,39,82,3.67,KZ,Tue Aug  8 21:58:59 2023
492,minas de marcona,-15.2119,-75.1103,12.6,87,39,4.7,PE,Tue Aug  8 21:58:59 2023
493,karsava,56.7841,27.6883,9.89,85,10,2.36,LV,Tue Aug  8 21:58:59 2023
494,marshall,34.3834,-86.3333,22.99,92,100,0.0,US,Tue Aug  8 21:58:59 2023
495,pinerolo,44.8833,7.35,18.53,69,19,1.34,IT,Tue Aug  8 21:59:00 2023
496,richards bay,-28.783,32.0377,19.22,75,83,6.39,ZA,Tue Aug  8 21:59:00 2023
497,labuan,5.2767,115.2417,30.2,74,20,1.54,MY,Tue Aug  8 21:52:50 2023
498,pemba,-12.974,40.5178,19.39,93,20,3.13,MZ,Tue Aug  8 21:59:01 2023
499,oleiros,43.3333,-8.3167,20.62,86,0,2.57,ES,Tue Aug  8 21:59:01 2023
500,gaiman,-43.2897,-65.4929,14.11,37,100,3.72,AR,Tue Aug  8 21:59:01 2023
501,soledade,-28.8183,-52.5103,10.72,93,100,5.14,BR,Tue Aug  8 21:59:02 2023
502,ulety,51.3572,112.4849,24.79,38,100,2.42,RU,Tue Aug  8 21:59:02 2023
503,douglas,41.3,-96.167,24.48,77,0,2.06,US,Tue Aug  8 21:55:40 2023
504,south mackay,-21.1621,149.1881,25.4,71,88,7.38,AU,Tue Aug  8 21:59:02 2023
505,broken hill,-31.95,141.4333,19.07,26,28,9.03,AU,Tue Aug  8 21:59:03 2023
506,concepcion,-36.827,-73.0498,11.89,94,100,3.09,CL,Tue Aug  8 21:55:13 2023
507,xinyu,27.8043,114.9334,31.46,73,95,0.69,CN,Tue Aug  8 21:59:03 2023
508,iskateley,67.6803,53.1512,14.48,59,23,1.66,RU,Tue Aug  8 21:59:04 2023
509,preobrazheniye,42.9019,133.9064,19.65,94,100,5.55,RU,Tue Aug  8 21:59:04 2023
510,vasil'yevo,55.836,48.6582,16.37,82,0,2.91,RU,Tue Aug  8 21:59:04 2023
511,usinsk,65.9939,57.5281,13.76,65,95,2.24,RU,Tue Aug  8 21:59:05 2023
512,chui,-33.6971,-53.4616,13.37,73,100,5.45,UY,Tue Aug  8 21:59:05 2023
513,streator,41.1209,-88.8354,20.59,93,69,3.57,US,Tue Aug  8 21:56:55 2023
514,laojunmiao,39.8333,97.7333,25.66,29,86,8.27,CN,Tue Aug  8 21:59:06 2023
515,alta,69.9689,23.2717,16.24,96,43,4.37,NO,Tue Aug  8 21:59:06 2023
516,roost-warendin,50.4167,3.0833,17.24,96,100,4.12,FR,Tue Aug  8 21:59:06 2023
517,chipinge,-20.1883,32.6236,8.33,72,0,0.85,ZW,Tue Aug  8 21:59:07 2023
518,ouadda,8.0777,22.4007,19.59,98,100,1.28,CF,Tue Aug  8 21:59:07 2023
519,lake havasu city,34.4839,-114.3224,41.34,23,24,5.14,US,Tue Aug  8 21:59:08 2023
520,potosi,-19.5836,-65.7531,5.36,27,0,1.32,BO,Tue Aug  8 21:59:08 2023
521,nishinoomote,30.7333,131.0,26.31,100,75,13.38,JP,Tue Aug  8 21:59:08 2023
522,turaif,31.6725,38.6637,22.14,56,0,2.57,SA,Tue Aug  8 21:59:09 2023
523,togur,58.3631,82.8265,16.68,67,98,2.6,RU,Tue Aug  8 21:59:09 2023
524,new ross,52.3967,-6.9367,15.66,1,54,1.07,IE,Tue Aug  8 21:59:09 2023
525,mili,6.0815,171.735,27.95,81,96,5.72,MH,Tue Aug  8 21:59:10 2023
526,coihueco,-36.6167,-71.8333,10.41,87,100,3.6,CL,Tue Aug  8 21:59:10 2023
527,kirillov,59.863,38.3813,17.34,80,25,3.04,RU,Tue Aug  8 21:59:10 2023
528,buta,2.7858,24.73,20.97,99,97,0.45,CD,Tue Aug  8 21:59:10 2023
529,adrar,20.5022,-10.0711,32.92,21,83,5.3,MR,Tue Aug  8 21:59:11 2023
530,mhamid,29.82,-5.72,34.23,13,57,3.81,MA,Tue Aug  8 21:59:11 2023
531,wajir,1.7471,40.0573,21.6,80,9,5.27,KE,Tue Aug  8 21:59:11 2023
532,smithers,54.7804,-127.1743,17.18,82,75,2.06,CA,Tue Aug  8 21:59:12 2023
533,puerto deseado,-47.7503,-65.8938,8.67,56,94,5.62,AR,Tue Aug  8 21:59:12 2023
534,matadi,-5.8167,13.45,21.35,87,61,1.74,CD,Tue Aug  8 21:59:12 2023
535,pohrebyshche,49.4864,29.2636,10.88,88,8,2.39,UA,Tue Aug  8 21:59:13 2023
536,bubaque,11.2833,-15.8333,25.18,92,100,4.18,GW,Tue Aug  8 21:59:13 2023
537,ratanpur,22.3,82.1667,27.28,70,100,2.77,IN,Tue Aug  8 21:49:14 2023
538,tindouf,27.6711,-8.1474,36.25,14,20,2.57,DZ,Tue Aug  8 21:59:13 2023
539,naifaru,5.4444,73.3657,27.61,79,98,5.29,MV,Tue Aug  8 21:59:14 2023
540,el calafate,-50.3408,-72.2768,1.52,92,88,0.68,AR,Tue Aug  8 21:55:06 2023
541,bodaybo,57.8506,114.1933,27.55,45,6,0.38,RU,Tue Aug  8 21:59:14 2023
542,majene,-3.5403,118.9707,29.38,64,18,5.43,ID,Tue Aug  8 21:59:15 2023
543,kharp,66.8014,65.8081,11.61,73,100,2.85,RU,Tue Aug  8 21:59:15 2023
544,gobabis,-22.45,18.9667,11.92,38,84,5.4,NA,Tue Aug  8 21:59:15 2023
545,guaruja,-23.9931,-46.2564,19.38,26,100,8.4,BR,Tue Aug  8 21:59:16 2023
546,saint-leu,-21.15,55.2833,20.46,77,0,0.62,RE,Tue Aug  8 21:59:16 2023
547,yelizovo,53.1873,158.3805,23.08,46,40,2.0,RU,Tue Aug  8 21:59:16 2023
548,mchinji,-13.7984,32.8802,11.18,72,0,1.54,MW,Tue Aug  8 21:59:17 2023
549,tralee,52.2704,-9.7026,16.24,97,99,2.06,IE,Tue Aug  8 21:59:17 2023
550,nabire,-3.3667,135.4833,30.01,62,95,2.29,ID,Tue Aug  8 21:55:12 2023
551,sinj,43.7036,16.6394,17.94,58,6,2.42,HR,Tue Aug  8 21:59:18 2023
552,atamyrat,37.8357,65.2106,30.21,23,0,4.8,TM,Tue Aug  8 21:59:18 2023
553,jabat,7.75,168.9751,28.41,77,100,4.68,MH,Tue Aug  8 21:59:19 2023
554,rye,40.9807,-73.6837,23.84,71,40,7.72,US,Tue Aug  8 21:59:19 2023
555,phang nga,8.4509,98.5298,29.02,80,100,1.28,TH,Tue Aug  8 21:59:19 2023
556,san antonio de pale,-1.4014,5.6325,23.26,79,30,6.02,GQ,Tue Aug  8 21:59:20 2023
557,le vauclin,14.5452,-60.8388,27.03,94,20,1.03,MQ,Tue Aug  8 21:59:20 2023
558,dryden,49.7833,-92.7503,16.16,82,20,3.09,CA,Tue Aug  8 21:59:20 2023
559,alaghsas,17.0187,8.0168,29.11,54,43,3.55,NE,Tue Aug  8 21:59:21 2023
560,yarmouth,41.7057,-70.2286,23.26,88,75,4.63,US,Tue Aug  8 21:55:17 2023
561,inirida,3.8653,-67.9239,23.22,98,97,1.34,CO,Tue Aug  8 21:59:21 2023
562,taoudenni,22.6783,-3.9836,36.56,12,0,6.11,ML,Tue Aug  8 21:59:22 2023
563,kibre mengist,5.8833,38.9833,15.5,83,100,1.25,ET,Tue Aug  8 21:59:22 2023
564,mount pleasant,32.7941,-79.8626,30.08,74,40,3.09,US,Tue Aug  8 21:57:06 2023
565,grand falls-windsor,48.9332,-55.6649,10.84,91,92,1.2,CA,Tue Aug  8 21:55:15 2023
566,barreiras,-12.1528,-44.99,22.55,45,0,1.48,BR,Tue Aug  8 21:59:23 2023
567,kingscliff,-28.2667,153.5667,21.64,52,75,6.17,AU,Tue Aug  8 21:59:23 2023
568,porbandar,21.6422,69.6093,27.24,82,100,8.43,IN,Tue Aug  8 21:49:49 2023
569,zaragoza,41.6561,-0.8773,23.25,71,0,0.45,ES,Tue Aug  8 21:59:24 2023
570,policoro,40.2115,16.6726,19.12,51,0,2.62,IT,Tue Aug  8 21:59:25 2023
571,sao joao da barra,-21.6403,-41.0511,21.35,87,26,5.39,BR,Tue Aug  8 21:59:25 2023
572,san juan de uraba,8.7592,-76.5297,26.98,90,69,3.12,CO,Tue Aug  8 21:59:26 2023
573,antofagasta,-23.65,-70.4,16.6,69,30,2.78,CL,Tue Aug  8 21:59:04 2023
574,gadzhiyevo,69.2551,33.3362,16.27,78,0,4.37,RU,Tue Aug  8 21:59:26 2023
575,pocatello,42.8713,-112.4455,22.95,50,0,4.12,US,Tue Aug  8 21:54:28 2023
576,gamba,-2.65,10.0,20.29,93,21,2.12,GA,Tue Aug  8 21:59:27 2023
577,sanibel,26.449,-82.0223,32.23,77,11,0.45,US,Tue Aug  8 21:59:27 2023
578,harrismith,-28.2728,29.1295,4.9,62,24,2.79,ZA,Tue Aug  8 21:59:28 2023
579,krasnokamensk,50.0979,118.0369,22.67,46,7,3.16,RU,Tue Aug  8 21:59:28 2023
580,novoagansk,61.9449,76.6625,19.59,52,42,3.67,RU,Tue Aug  8 21:59:28 2023
581,nacala,-14.5428,40.6728,18.17,83,0,3.23,MZ,Tue Aug  8 21:59:29 2023
582,turochak,52.2576,87.1224,22.0,63,29,0.31,RU,Tue Aug  8 21:59:29 2023
583,suixi,33.8907,116.7747,30.42,62,6,2.81,CN,Tue Aug  8 21:59:30 2023
584,benguela,-12.5763,13.4055,18.85,92,9,1.4,AO,Tue Aug  8 21:59:30 2023
585,razole,16.4833,81.8333,29.51,66,100,2.11,IN,Tue Aug  8 21:59:30 2023
